{"train_loss": [0.03409624913217206, 0.009183626315605483, 0.006271994926623608, 0.004885202951141094, 0.003922358775070231, 0.00347768948683025, 0.003581867402076329, 0.0029941791227381482, 0.002741060895894311, 0.00289468151296636, 0.002602611082532492, 0.0024146040734883984, 0.002524142825461336, 0.0022653071309047704, 0.0023299876259835926, 0.002114328402707255, 0.002412624891087609, 0.0020132428533887786, 0.002077579024787012, 0.002201101197861135, 0.0020718302268927036, 0.002220683936642385, 0.0019752526430315094, 0.0019241306879312584, 0.00196314235303649, 0.001894838133287665, 0.0018155798811073365, 0.0017652999810678395, 0.0018073172171257045, 0.0019775630900097127], "val_loss": [0.016122505465736153, 0.00749222217814722, 0.0047447461917324634, 0.004260070677312305, 0.0030404403500381063, 0.0037482250348252594, 0.003407617796166632, 0.0025384480650842067, 0.0023045302397327223, 0.0022857108851894736, 0.0032966715554691483, 0.002186428063709411, 0.0024841247321121763, 0.002309243592670279, 0.0019816222608272658, 0.002228209783216236, 0.0019741896959785065, 0.001796657329742018, 0.0018829580627336, 0.001761423145730018, 0.0017895456785183461, 0.0018049754769174902, 0.0016843705523003382, 0.0017568754832848112, 0.0016484574909077683, 0.0016452413811882745, 0.0016652689588286715, 0.0017134621295673376, 0.0016575155070730958, 0.00165536656468099], "loss_centroid": [0.007965702636045267, 0.003407566123031324, 0.0019164142694102874, 0.0017960644126717063, 0.0010914808176419712, 0.0016401012076950464, 0.0013656158789373996, 0.0009781764309708273, 0.0008863373675057283, 0.0008383113437629931, 0.001603047344375585, 0.0008517387101224425, 0.001030177388485277, 0.0009280395117725749, 0.0007195068394706096, 0.0009089434010331656, 0.000738392222613539, 0.0006303645667551299, 0.0006723866033888819, 0.0006046702879668046, 0.0006412167450867318, 0.0006486768841449568, 0.0005745708039598196, 0.0006223174759576128, 0.0005521422054534626, 0.0005479634888973526, 0.0005613537547612739, 0.0005967880261166891, 0.0005636463698226821, 0.0005603426802363323], "loss_radii": [0.003324631084382656, 0.0018858617118208624, 0.0014883965128826618, 0.001270965801372544, 0.001123980345151036, 0.001016553067201443, 0.0010983518517545623, 0.0008531340458010491, 0.0007817074031469825, 0.0008295868908925379, 0.0007334366842978405, 0.0007425683493760308, 0.0007414060502148951, 0.0007409247084039828, 0.0007162293651595436, 0.0007065614290844618, 0.0007007822137207678, 0.0006841334462314692, 0.0007046320548158933, 0.000688819790575806, 0.0006666539893409268, 0.0006737512317829628, 0.000664857817340459, 0.0006660884512220051, 0.0006637971613987455, 0.0006647614018369435, 0.000663283162943057, 0.0006605527980623339, 0.0006566654418911937, 0.0006586846413155713], "loss_points": [0.009664343364658903, 0.004397588717125234, 0.0026798708818578086, 0.002386080963750843, 0.001649958337275464, 0.002183141544667363, 0.0018873001032768458, 0.0014142751570630696, 0.0012729709732277532, 0.0012356252543109117, 0.001920375074107261, 0.0011842420413426017, 0.0014250825519948342, 0.0012805587464187783, 0.0010917721283774762, 0.0012254098861585142, 0.0010700305579344697, 0.0009643186566507688, 0.0010118788331518042, 0.0009358661303193629, 0.0009633498905669348, 0.0009650947348611643, 0.0008898838676061848, 0.0009369390816752203, 0.0008650362705353831, 0.0008650329283660002, 0.000881264072110052, 0.0009122426200803125, 0.0008744073940582238, 0.0008726784993787525]}