{"train_loss": [0.011596017968175667, 0.003076497595757246, 0.002123608315097434, 0.0018865598089593861, 0.0017569068539887668, 0.0016987221554986068, 0.0016544219678533928, 0.0015754331082903914, 0.0015622473371747349, 0.0014961884982351745, 0.001471711928024888, 0.001421042080369911, 0.001389914738746094, 0.0013709768652915954, 0.0013354857352429203, 0.0013011377986653575, 0.0012027202100892151, 0.0010672730856042887, 0.0009321057467189219, 0.000848399226420692, 0.0007915335737301835, 0.000755701891445954, 0.0006967155575486166, 0.0006527344455077712, 0.0005874009418766946, 0.0005299823277164251, 0.0005331214956407036, 0.0005027316834977163, 0.0004462825139385781, 0.000417694191897421, 0.00039304855179839903, 0.00037817996993128744, 0.0003677986584703571, 0.00034727536524379893, 0.0003402884553153334, 0.0003336991729780233, 0.00032538840987919165, 0.0003157683997415006, 0.000311631472681516, 0.0003086696700691911, 0.0003082065737440384, 0.00029525407282302956, 0.0002967660598889259, 0.00028635200512196337, 0.00028729497621368086, 0.00028341869075250415, 0.000280706969372529, 0.00027797436200281873, 0.00028060676263911384, 0.0002777529535316197], "val_loss": [0.004029203420750012, 0.002022464784156335, 0.001836775465084142, 0.001679645664377236, 0.0018078396862715874, 0.0016471232581687601, 0.001779674929199054, 0.0017974353763029764, 0.001758444887328599, 0.0016297125135009225, 0.0018507700603406288, 0.0016066423099561546, 0.0017085937678960985, 0.001574950730795727, 0.0015873031255691067, 0.001617982501078299, 0.0014626201254462725, 0.0014871200286219583, 0.0014614470955597138, 0.0013687591203243325, 0.001365870989454714, 0.0013135879309725408, 0.001263515323731362, 0.0012468178434861137, 0.0011734044360070441, 0.0012030682057803986, 0.001165070433145095, 0.001112227052401163, 0.0011421251493677694, 0.0010991072953114973, 0.0010856102683311818, 0.0010662456433668634, 0.0010638557593522005, 0.0010533232646259038, 0.0010675875183599266, 0.0010498269510112312, 0.0010524024393434, 0.0010551360350004152, 0.0010504733677647125, 0.0010432893614051864, 0.0010342246785416808, 0.0010391496578353997, 0.0010407146611741108, 0.0010327808643188817, 0.0010333699250814358, 0.001030770640538417, 0.0010321876662170613, 0.0010224885420604167, 0.0010262565184874755, 0.0010266098903038685], "loss_centroid": [0.0010133248257548793, 0.0006305696473358885, 0.0005359407100752977, 0.00045052752370553975, 0.0005404370163696034, 0.0004358722339690614, 0.0005347316841116959, 0.00051979775468537, 0.0005104239083409897, 0.0004310910632116965, 0.0005869647743805361, 0.00041929495867072165, 0.0004870395101821295, 0.00040172851329675483, 0.0004004545342851136, 0.0004467537318736217, 0.0004214589804943994, 0.00043905425416979646, 0.0004865328119194601, 0.00041625691875723484, 0.0004274927781998964, 0.00039008147436298283, 0.0004013981202948152, 0.0003947513488176475, 0.00037828406953179324, 0.0004091032284409984, 0.0003837960545129853, 0.0003740604171118895, 0.00038564026717243617, 0.0003739950937559019, 0.0003773431515008652, 0.0003611208853008544, 0.0003689072438742426, 0.0003583855843891414, 0.0003628194124183593, 0.00035510107696417866, 0.00035827135185459875, 0.0003611768408614137, 0.000357645814418854, 0.000359082674932372, 0.00035113854028168134, 0.00035486360981227145, 0.00035830041241225494, 0.000350094600243641, 0.000351605535941321, 0.00035145437007151105, 0.00035121499853343457, 0.0003479557924851849, 0.00034967312642134187, 0.00034963716921323026], "loss_radii": [0.002140326909475813, 0.0010262778255549308, 0.0009727210578459658, 0.000945373813584937, 0.0009450665514266706, 0.0009408173140591794, 0.0009312231206996856, 0.0009355853613478279, 0.0009362515112642493, 0.0009236351133471256, 0.000926672123329665, 0.0009229660898103918, 0.0009294680456054936, 0.0009152879953801044, 0.0009105563260259499, 0.0008867909277078548, 0.000779188562821793, 0.000775097738369368, 0.000724126031089231, 0.0007207537871037953, 0.0007041132538640676, 0.0006960648798236722, 0.0006299330240213557, 0.0006302772786799132, 0.0005990106836083884, 0.000583570296600412, 0.0005897389829011732, 0.000543497974592212, 0.0005545754929220206, 0.0005383008714201615, 0.00052529466943509, 0.0005260441030259244, 0.0005194563690517833, 0.0005180669874167315, 0.000529801797758984, 0.0005205213486701005, 0.0005190034717088565, 0.0005168716689743297, 0.0005181841272707587, 0.000512363723062567, 0.0005139873097313716, 0.0005150471429499847, 0.0005139517364257603, 0.0005141451616318113, 0.000512961929703842, 0.0005119744600960985, 0.0005125139960957887, 0.0005082513472236889, 0.000508953141673517, 0.0005090854779394393], "loss_points": [0.0017511034108649351, 0.000731234613340348, 0.0006562274012187691, 0.000567488633494481, 0.0006446722499707615, 0.0005408674241104899, 0.0006274402372869908, 0.0006841045289643501, 0.0006235388902591934, 0.0005499726639276272, 0.0006742663283244168, 0.0005287625175888503, 0.0005841724441300979, 0.000515868448450132, 0.0005525845427703308, 0.0005688756983114505, 0.0005239451726849534, 0.0005459360652725751, 0.000501576520036906, 0.0004634968469250261, 0.0004685299151644454, 0.0004548831455299239, 0.000464368369552846, 0.00044357842278642287, 0.0003922193504159192, 0.00042078935918030575, 0.0003830708021843365, 0.00038933731871350715, 0.0004038187739512834, 0.0003736226545266905, 0.0003659448921098374, 0.00035816129514530887, 0.0003509842832787207, 0.00035374137568348825, 0.00034993263704420413, 0.0003484090473073976, 0.00035025524036762744, 0.0003541750449681115, 0.00034928685636259615, 0.0003436859486483675, 0.0003381976425053405, 0.00033847782240053147, 0.00033692501088616585, 0.0003370821983767918, 0.000337604931509735, 0.0003346836249540119, 0.0003369173427927308, 0.0003325628146596596, 0.00033526049657283644, 0.0003357744981736974]}