{"train_loss": [0.026844467824128897, 0.008163223988376558, 0.006225198828370164, 0.004366254863133164, 0.0038349151001066755, 0.0033567370527031785, 0.0028780022756147543, 0.0027927035404565303, 0.002602539517867722, 0.0023333162896482175, 0.002638605670807393, 0.0022434208632789946, 0.0021069502036430332, 0.0023742332831515295, 0.0022247076068857784, 0.0020453399794764424, 0.002431463531071418, 0.001969142693683113, 0.0020753774790730523, 0.0018948583061022587, 0.001992694907821715, 0.0018603386558396252, 0.0018889886993718775], "val_loss": [0.00879958943753946, 0.01136713688735102, 0.004478210199731173, 0.0040631318277847325, 0.004308518457424934, 0.0028743113249876215, 0.002363313757623622, 0.002101491901977751, 0.002153599590872277, 0.00235877212205688, 0.001815057154000569, 0.002069910248688071, 0.0017642949194433626, 0.0017856810428965532, 0.002065014090297408, 0.0021237908742298968, 0.0019665043094943538, 0.0018745043265373737, 0.0018320508858524873, 0.0018699463255527871, 0.0018990908632032023, 0.001996890299182507, 0.001935161168774834], "loss_centroid": [0.004234130078254909, 0.00620862994281972, 0.0018876808643967036, 0.0017285171398114352, 0.0019227561119134675, 0.0011894557125041963, 0.000881627985928971, 0.0007477492126483532, 0.0007840062980158407, 0.000935593338923712, 0.0005869356651511807, 0.0007839483351133702, 0.0005702664655801214, 0.0005727384627565788, 0.0007050320158758369, 0.0008383381780910641, 0.0007417229033785216, 0.0006829563670955812, 0.0006232592551568218, 0.000697556956810495, 0.0006615102799708543, 0.0007084635943727812, 0.0007088030088496333], "loss_radii": [0.00194135655698626, 0.00163117608582204, 0.0013108191831365656, 0.0011564539483038434, 0.0011219424734724166, 0.000849481326619499, 0.0008134030306150709, 0.0007979364075209396, 0.0007860792493523999, 0.0007577486842924149, 0.0007493108390261739, 0.0007177876317148386, 0.000739300621866218, 0.0007440070399812224, 0.0007910733306818626, 0.000715708617477861, 0.0006854363946629627, 0.0006792205357237063, 0.0007227898578228215, 0.0006724760956398105, 0.0007235261778152532, 0.0007505489503258656, 0.0007037462957191937], "loss_points": [0.005248205713378113, 0.007054661705967833, 0.0025594203148922713, 0.002356321508919851, 0.0025276397545745625, 0.0016707486394777528, 0.0013365654917014, 0.0011116125917665233, 0.0011670280178268364, 0.0013308601704861236, 0.0009576213125284517, 0.0011363485055120631, 0.0009094556680494981, 0.0009378710762620522, 0.0011378175103807914, 0.0011394881484953717, 0.0010786900720482723, 0.0010246548316914772, 0.0009720035161647457, 0.000999826591769157, 0.0010281088177523134, 0.0010757554989483697, 0.001045223750120609]}