{"train_loss": [0.010745179686429246, 0.0037737170207713332, 0.002229352456717087, 0.0018257033189625611, 0.0016866644262336194, 0.001653141665738076, 0.0015688890138907093, 0.001501178285772247, 0.0014173463459259698, 0.0013655422701101217, 0.0013288633495436182, 0.0012736104212568275, 0.0011993583128787578, 0.001159148610729192, 0.0011233175948395261, 0.0010742456793585526, 0.0009899775489299958, 0.0009364200930576771, 0.0008542641219017761, 0.0007322998848810259, 0.0006844163854007742, 0.0006446819828956255, 0.0005952379652964218, 0.0005615384914978807, 0.0005314124764741532, 0.0004974037931034607, 0.00047170944561782693, 0.00044438097376509435, 0.0004271791742316314, 0.00040925552228665243, 0.0003607153070957533, 0.00035508762961918754, 0.0003297705197473988, 0.00031860872604218976, 0.0003023072356258386, 0.0002911383773399783, 0.0002832530280907771, 0.0002749817716124068, 0.0002749162849171885, 0.00026239586594913684, 0.0002520772336616314, 0.0002500858306718458, 0.00024407873021638286, 0.0002398298674961552, 0.00023666252727187905, 0.0002353020613580676, 0.00023310261504125914, 0.00023128118407579937, 0.00022933539227649037, 0.00022946276415106176], "val_loss": [0.004896839657847427, 0.0020914553254107503, 0.0018429780948760086, 0.0017340495097941083, 0.0018072451164602842, 0.0016691501828302677, 0.0017148549714444304, 0.00174290549291886, 0.0016651601702170936, 0.00172050816533891, 0.001605633016687965, 0.0016363169875388082, 0.0016691375211322385, 0.0015435428312661028, 0.0015959301488596555, 0.0014674982154055645, 0.0014663569546476203, 0.0014323620278829414, 0.0014287997067807929, 0.0013465016243954825, 0.0013715807811087487, 0.0013024055377555716, 0.0013480731324403007, 0.0012852276007546798, 0.001196334231951225, 0.0012022717319747531, 0.0011459381969057415, 0.0011718426877020025, 0.0011408075339491724, 0.0011432413249215308, 0.0010945790870066144, 0.0010822880009838723, 0.0010666894338914733, 0.0010430611429527697, 0.0010414869213587064, 0.0010454687305211433, 0.0010422202643607498, 0.001049133175432584, 0.0010200303636099164, 0.0010372821852797642, 0.0010124748713630986, 0.0010126112588056315, 0.0010087266212059675, 0.0010157257845429214, 0.0010078501279502617, 0.0010066979065365893, 0.0010044950812650648, 0.0010027685723463563, 0.0010025122349983768, 0.0010029381764501235], "loss_centroid": [0.001096671640162209, 0.00056168234234639, 0.0005002142662354009, 0.0004679078441480861, 0.0005148083130878053, 0.00042319927735278676, 0.000451854280407516, 0.0004976676672844118, 0.0004389145117449133, 0.0004704733609718173, 0.00041425010433733024, 0.0004400628761351599, 0.0004753983827724465, 0.0004050946956436076, 0.0004806506560845791, 0.00041669291673123983, 0.00039853950415578624, 0.0004074715770433326, 0.0004069426692072547, 0.0003917509246476632, 0.0003966082210689293, 0.0003935800328020521, 0.00039269859103354207, 0.00040088741297950037, 0.000357014272786297, 0.0003609509512898512, 0.00035811708929893367, 0.0003523037450672985, 0.00035231299223500843, 0.0003618457631091587, 0.00035632156830519977, 0.0003544441117954097, 0.0003494355799997912, 0.00033963585366635876, 0.0003496802266071379, 0.00034870877482860935, 0.00034311198320019205, 0.0003520443891542719, 0.00034478321226503653, 0.00035574433556911044, 0.0003438057122510049, 0.0003438786843616981, 0.0003422921907162833, 0.0003469148650765419, 0.00034293631535164374, 0.0003444914846592215, 0.00034232608538188386, 0.0003425482623003374, 0.00034469537364968444, 0.0003433554107016933], "loss_radii": [0.0027890081676703537, 0.001166265277118471, 0.0010326187919800806, 0.000977891881025004, 0.0009631922761113138, 0.000963387319260571, 0.0009607989455904125, 0.0009453620525738714, 0.0009502065758600733, 0.0009231935699445833, 0.0009284046835474376, 0.0009046918099844142, 0.0008903647233781062, 0.0008807737766274888, 0.0008358113509051403, 0.0008101366325526646, 0.0008091651505214701, 0.0007821067028041733, 0.0007688455960688818, 0.0007177080566945829, 0.0007547434414798198, 0.0006747602433039758, 0.0007387299556285143, 0.0006575939669825235, 0.0006395842777381308, 0.000635581293241366, 0.000594068343879802, 0.0006223020808599694, 0.0005984996440881668, 0.0005949127639484543, 0.0005590084053294145, 0.0005514923035853395, 0.0005439474319389678, 0.0005279934052132854, 0.0005196968333238099, 0.0005259873961270051, 0.0005245143053654925, 0.0005252704500698632, 0.0005081222219527454, 0.0005158421703718455, 0.0005008976180474029, 0.0005022869070097314, 0.0005009158607878673, 0.0005008589501621349, 0.0004997035104775262, 0.0004981157693883257, 0.0004968989570012414, 0.0004966728340246176, 0.0004951857546601739, 0.0004967660041936478], "loss_points": [0.00202231970615685, 0.0007270154034669854, 0.0006202900832776274, 0.0005764995845598414, 0.0006584890675424647, 0.0005651271571160147, 0.0006044034640868439, 0.0005997515484188242, 0.0005520781736490072, 0.0006536824841628244, 0.0005259564641164616, 0.0005831246319422988, 0.0006067488506424093, 0.0005153487145435065, 0.0005589362829739816, 0.0004813373341580461, 0.0005173045861547029, 0.0004855674510748175, 0.0005060228906682154, 0.00047408527921346063, 0.0004404582240998647, 0.0004681305183208008, 0.00043328916906734536, 0.0004534924634131848, 0.00039947135787530755, 0.0004114789599522115, 0.0003875055385594207, 0.00039447371167817007, 0.0003799897860613112, 0.0003729656137262569, 0.00035849821755331695, 0.0003527031623985079, 0.0003466128385441966, 0.0003508637669974154, 0.0003442197236214078, 0.00034154511645044153, 0.00034918795848314305, 0.00034363668735175833, 0.00033424984040290217, 0.00033139134642337203, 0.000335543088256504, 0.00033289133410251354, 0.00033103714285014004, 0.00033590396005341684, 0.0003304206088375251, 0.00032818128123548567, 0.0003305400865716173, 0.0003270949489792417, 0.0003252622149088175, 0.0003256335307684678]}