{"train_loss": [0.009138918992033914, 0.004711431442073693, 0.0033913347125053405, 0.0030222580716700144, 0.0028385164917103553, 0.002924145675313316, 0.0026607837743665044, 0.002375286823310154, 0.0021969986716775516, 0.0023609820643047752, 0.0021405212148582855, 0.0023379643448922585, 0.0023195124636894385, 0.0019025071764266805, 0.0018547273951729662, 0.0020464383744585673, 0.0018141001290151555, 0.0019358644738646322, 0.0016963045702217832, 0.0015680783518933151, 0.0017678302760530068, 0.001801978176104297, 0.0016549738275965578, 0.0016403987890991724, 0.0016456721042969118, 0.0015615351632923672, 0.0014502895889975326, 0.0015555611778491814, 0.0017206785487207143, 0.0017507666182753287], "val_loss": [0.006035256955284076, 0.003060681852283048, 0.002402801223129767, 0.002365651829588059, 0.002504497803709485, 0.0021387476113350055, 0.0023722702104857834, 0.0020492468611337245, 0.0024870312257410316, 0.002016722101557878, 0.0019230513239935896, 0.0018225833000691577, 0.0018164681477785172, 0.0017576089117401204, 0.0015814937279010038, 0.0016757562569510497, 0.0016170714487565956, 0.0016846336795543855, 0.001533786165547084, 0.0014974397266489744, 0.001535919161902771, 0.0015818139549619594, 0.0015380647411325672, 0.0014459335213702661, 0.0014366261593302804, 0.0014511214871699997, 0.0014123278970593494, 0.0014714782935429792, 0.0014169070775216048, 0.0014025073767578626], "loss_centroid": [0.002862897456325896, 0.0012724949462056831, 0.0008825742125274521, 0.0009360116265702717, 0.001051243113355757, 0.0008488229340415631, 0.0010345643414871493, 0.0007723006360198478, 0.0011136086965857653, 0.0008632673755036208, 0.0007837419462539103, 0.0007580642265908908, 0.0007032689474547878, 0.0007054260819787771, 0.0005918965668018647, 0.0006486671001289696, 0.0006139969943925266, 0.0006720724257499315, 0.0005863437005752874, 0.0005750108504769026, 0.0006027180148282883, 0.0005892606502919855, 0.0006056093126793056, 0.0005521288687424337, 0.0005434669960255841, 0.0005643366244154005, 0.0005363968257519386, 0.0005682033104855437, 0.0005291768711238726, 0.0005307973550487554], "loss_radii": [0.001260422903483306, 0.0009029818933502939, 0.0008582528663864054, 0.000737815828169467, 0.000723097999398902, 0.0006692692123116833, 0.0007799003496537077, 0.0007135314949440816, 0.0006529914702338427, 0.0006321908616972324, 0.0006163583908107926, 0.0005610978484180466, 0.000600657963764579, 0.0005707128867306594, 0.0005505389579739727, 0.0005911385473989897, 0.0005437098338543514, 0.0005311403019433903, 0.000511950801544609, 0.0005016287357678072, 0.0005010250198643379, 0.0005484893467166598, 0.0005145014375095164, 0.00048742761163205123, 0.0004923693309957925, 0.00047827538839526106, 0.0004845890595833389, 0.000489741451675683, 0.0004941451455825238, 0.0004807260741725885], "loss_points": [0.003823873115566055, 0.0017704099662922566, 0.0013239482865233707, 0.0013836487869113745, 0.001460313406242363, 0.0012413109333033016, 0.0011156110563429959, 0.0011268294856265249, 0.0014408621202284073, 0.0010425277807192541, 0.0010459019323490317, 0.0010068425016485339, 0.0010250824809906484, 0.0009629399120639705, 0.0008781164243805878, 0.0008719012162220649, 0.0009187292803811734, 0.0009628419065847993, 0.0008709833687209509, 0.000841600245740799, 0.0008643522389141507, 0.0008881278491109517, 0.0008359080138539926, 0.0008127540836614541, 0.0008015796493502242, 0.0008170189472873406, 0.000782684022732476, 0.0008270670886468295, 0.0007871701358244984, 0.0007819678695475469]}