{"train_loss": [0.023467585369944574, 0.005367029351847513, 0.004230908224625247, 0.0031901026417368223, 0.0027557469159364702, 0.0025951786039929304, 0.002127380850724876, 0.0019638720420854434, 0.0016717932170390018, 0.00149728599037709, 0.0014854578371159733, 0.0013215602418806937, 0.0011893869434217257, 0.0010299600840413144, 0.0010109748707951179, 0.000930454656814358, 0.0008183001321075219, 0.000752350620958688, 0.0006923561262166393, 0.0006512468476181051, 0.0005696951390044497, 0.0005893713846204004, 0.000497447928812887, 0.00045837468101776074, 0.0004640841788412737, 0.0004264773044269532, 0.00038694852572267077, 0.00039345335431530007, 0.00036125479723393385, 0.0003371983561997435, 0.0003222391766861879, 0.0003070181285563324, 0.0003065582116167726, 0.000283600302479629, 0.0002685775889715712, 0.0002792310481059498, 0.0002465967516348298, 0.00024056384739066874, 0.00023328516732103058, 0.00022597803825712097, 0.00021973298929099525, 0.0002114372159953096, 0.0002056219570139157, 0.00019798321732585983, 0.0001982722748237263, 0.00018954476890420275, 0.00019129591561587795, 0.0001879249416690852, 0.00018731056088914296, 0.00018879470623297883], "val_loss": [0.005150021507257694, 0.003891991310458826, 0.0022828824799752943, 0.002029500877190577, 0.002027861633043932, 0.002125373578899981, 0.0014217605302723026, 0.0015529325311562342, 0.0013374549682913838, 0.0011936900984054726, 0.0016172541195134584, 0.0014544015652255009, 0.0012932584673092749, 0.0011131565881537665, 0.0013856580534545508, 0.001246143576664556, 0.0011820543655439426, 0.0012382867709292394, 0.0009969478981618426, 0.0010368302418531752, 0.0011150475214603112, 0.0009423826804298809, 0.0009177529657455651, 0.0010158343012383404, 0.0009757491781400811, 0.0009274307407107891, 0.0009556464019145718, 0.0009571142964935126, 0.000955095864666969, 0.0010583937914098466, 0.000890908374506245, 0.0008945040685112441, 0.0008955458998618843, 0.0009189422937771795, 0.0008620588517882616, 0.0008909373948546616, 0.0008713204473391862, 0.0008791297096697809, 0.0008896598737919703, 0.0008885514475160131, 0.0008870237660104115, 0.0008912339008499035, 0.000860999056481217, 0.0008676402756368349, 0.0008640911822256289, 0.0008634522880464303, 0.0008593852705273189, 0.0008716685000476183, 0.000863562546376335, 0.0008595323122694696], "loss_centroid": [0.000853214625845124, 0.001762920632149632, 0.0007467874973755036, 0.0007620402956442712, 0.0005442125666855933, 0.0006741238987735031, 0.00045463882461741666, 0.00057943581104107, 0.0004995665122374991, 0.00043682412146345566, 0.0006514114479375023, 0.0005723323686795897, 0.0004244997398927808, 0.0004145910836661259, 0.000530110953006538, 0.0005342519384851728, 0.00046667799401084746, 0.0005381682705391492, 0.0003716974143141047, 0.00038275030831420355, 0.000462847826144609, 0.0003692727274794475, 0.00035420209391496, 0.000386091438964573, 0.0003665155305306574, 0.00035282222176503735, 0.00034036003451451267, 0.0003602839353430011, 0.00035999055092504834, 0.0004229565550447564, 0.00034593106484910667, 0.0003456998377882165, 0.00033900038588877867, 0.00034588933167948487, 0.0003383071255628142, 0.0003362881011286701, 0.0003335379082464466, 0.0003409562735836708, 0.00033345789683823427, 0.0003342846646678242, 0.0003390578985042674, 0.0003398557459341215, 0.00033244388874951065, 0.0003354926775500644, 0.0003358597505690628, 0.0003347666903496965, 0.00033067693239947974, 0.0003356842967868464, 0.0003339739154111349, 0.0003321808205663202], "loss_radii": [0.0029977112579600593, 0.0010633788065445657, 0.0009802530878100936, 0.0009906313207466155, 0.0011673854850845313, 0.0008705808447159239, 0.000734401127709517, 0.0007642340313300098, 0.0006170994762980722, 0.0005588577577758482, 0.0007761932287585774, 0.0006845924646385308, 0.0006448231770742783, 0.0005172756305240144, 0.0006893545865559167, 0.0005436285703724838, 0.0005638694025324902, 0.0005390167735688584, 0.0004834135700213282, 0.0005132147623379225, 0.00048736017542021156, 0.00044060714763442154, 0.00043639746926553354, 0.0004899383144986228, 0.00047525288085269396, 0.00044949904412006666, 0.0004778819351677636, 0.00047154612701361706, 0.00046513898115862454, 0.0005071775943322695, 0.00042766944074843963, 0.0004334032170223317, 0.00043853449422290156, 0.00044514425175485055, 0.0004101929455493136, 0.0004346096795511824, 0.00042086744973570794, 0.00042253371640598694, 0.00043655553906175653, 0.0004347780697188634, 0.00043062709798840314, 0.00043426280976028035, 0.00041420817433390766, 0.0004176648110028748, 0.00041451958034150794, 0.0004152149286758351, 0.0004147723597462142, 0.0004210997898266406, 0.00041575397680342004, 0.0004134512905454214], "loss_points": [0.002598191213205849, 0.0021313837986733568, 0.0011116837941747356, 0.0005536585361512966, 0.0006325270989787226, 0.0011613376907342555, 0.0004654411359775909, 0.00041852541854543805, 0.0004415779235147822, 0.0003960164528842525, 0.000379298879507635, 0.0003949534998116034, 0.00044787111025806025, 0.0003625797452466366, 0.0003323850251035765, 0.0003365261268060605, 0.00030301393110819747, 0.00032220343143164526, 0.000283673848714802, 0.00028173034967805604, 0.0003296790263879015, 0.00026500560756846284, 0.0002543068148952443, 0.0002796090928696733, 0.0002679615415553072, 0.000250218946587809, 0.0002748088529762371, 0.0002505684529559834, 0.00025993266306039385, 0.0002565192852144767, 0.00023461574126390348, 0.00023080202663550153, 0.0002360220460104756, 0.00025581741743065464, 0.00022711755350189234, 0.00024007922930698107, 0.00023383016665129137, 0.00023127943285017913, 0.00023929288478316985, 0.00023897742491834308, 0.00023467753903548183, 0.00023423068360946337, 0.00022869398200878335, 0.00022896557608251706, 0.00022742370511925975, 0.00022694134818984342, 0.00022787194833845685, 0.0002297688326124396, 0.00022766931215301156, 0.00022780040767668796]}